zdaid;zdaname;zdatype;zdapostalregion;zdatown
486887;petit vaux;onstreettram;91216;epinay-sur-orge
486901;evry - courcouronnes;onstreettram;91228;evry
486827;les peintres;onstreettram;92019;chatenay-malabry
42155;abbesses;metrostation;75118;paris 18e
42164;orly 1-2-3;railstation;91479;paray-vieille-poste
50687;mairie de pierrefitte;onstreettram;93059;pierrefitte-sur-seine
473310;gare de noisy-le-sec;onstreettram;93053;noisy-le-sec
50567;pierre de geyter;onstreettram;93066;saint-denis
462747;aeroport d'orly;onstreettram;91479;paray-vieille-poste
47694;bretagne;onstreettram;94073;thiais
42245;auguste delaune;onstreettram;93008;bobigny
45356;porte d'issy;onstreettram;92040;issy-les-moulineaux
479060;notre-dame-des-anges;onstreettram;93047;montfermeil
46516;les coquetiers;onstreettram;93077;villemomble
58499;ella fitzgerald;onstreettram;75119;paris 19e
478984;les saules;onstreettram;94054;orly
479020;four - peary;onstreettram;94022;choisy-le-roi
42175;alesia;metrostation;75114;paris 14e
42182;alma - marceau;metrostation;75116;paris 16e
42195;anatole france;metrostation;92044;levallois-perret
42210;anvers;metrostation;75118;paris 18e
42213;argentine;metrostation;75116;paris 16e
42230;arts et metiers;metrostation;75103;paris 3e
42231;asnieres - gennevilliers les courtilles;metrostation;92036;gennevilliers
42237;opera;metrostation;75109;paris 9e
42265;avenue emile zola;metrostation;75115;paris 15e
480935;allee royale;onstreettram;78545;saint-cyr-l'ecole
480933;bailly;onstreettram;78043;bailly
480939;noisy-le-roi;onstreettram;78455;noisy-le-roi
480909;saint-cyr;onstreettram;78646;versailles
480907;saint-nom-la-breteche foret de marly;onstreettram;78224;l'etang-la-ville
480905;saint-germain-en-laye;onstreettram;78551;saint-germain-en-laye
42271;avron;metrostation;75120;paris 20e
42280;barbes - rochechouart;metrostation;75110;paris 10e
42288;bastille;metrostation;75112;paris 12e
42311;belleville;metrostation;75110;paris 10e
42318;berault;metrostation;94080;vincennes
462926;villetaneuse universite;onstreettram;93079;villetaneuse
479018;cimetiere parisien d'ivry;onstreettram;94041;ivry-sur-seine
46327;cimetiere de saint-denis;onstreettram;93066;saint-denis
42334;billancourt;metrostation;92012;boulogne-billancourt
42337;blanche;metrostation;75109;paris 9e
42344;bobigny-pantin - raymond queneau;metrostation;93055;pantin
42345;bobigny pablo picasso;metrostation;93008;bobigny
47362;les mobiles;onstreettram;93031;epinay-sur-seine
58785;porte de rungis;onstreettram;94065;rungis
58786;porte de l'essonne;onstreettram;91027;athis-mons
42430;mairie de velizy;onstreettram;78640;velizy-villacoublay
44285;inovel parc nord;onstreettram;78640;velizy-villacoublay
479057;division leclerc;onstreettram;92020;chatillon
50681;roger semat;onstreettram;93066;saint-denis
46338;petit pierrefitte;onstreettram;93059;pierrefitte-sur-seine
58639;jacques prevert;onstreettram;93059;pierrefitte-sur-seine
46345;alcide d'orbigny;onstreettram;93059;pierrefitte-sur-seine
473736;porte des lilas;onstreettram;75120;paris 20e
473453;porte de bagnolet;onstreettram;75120;paris 20e
45496;porte d'asnieres - marguerite long;onstreettram;75117;paris 17e
473707;porte de vincennes;onstreettram;75112;paris 12e
473702;porte de vanves;onstreettram;75114;paris 14e
473680;porte de charenton;onstreettram;75112;paris 12e
473717;porte d'ivry;onstreettram;75113;paris 13e
58493;maryse bastie;onstreettram;75113;paris 13e
45339;cite universitaire;onstreettram;75114;paris 14e
45357;balard;onstreettram;75115;paris 15e
50622;pont de bezons;onstreettram;95063;bezons
44249;parc de saint-cloud;onstreettram;92064;saint-cloud
51611;les milons;onstreettram;92064;saint-cloud
47364;brimborion;onstreettram;92072;sevres
44325;petit noisy;onstreettram;93053;noisy-le-sec
44125;maurice lachatre;onstreettram;93008;bobigny
47334;jean rostand;onstreettram;93008;bobigny
46120;hôtel de ville de la courneuve;onstreettram;93027;la courneuve
43375;hôpital delafontaine;onstreettram;93066;saint-denis
42866;drancy - avenir;onstreettram;93008;bobigny
42594;chemin des reniers;onstreettram;92078;villeneuve-la-garenne
462329;bobigny - pablo picasso;onstreettram;93008;bobigny
473685;porte de clignancourt;onstreettram;75118;paris 18e
42356;rosny bois perrier;railstation;93064;rosny-sous-bois
42359;boissiere;metrostation;75116;paris 16e
42151;la courneuve - 8 mai 1945;onstreettram;93027;la courneuve
42369;botzaris;metrostation;75119;paris 19e
45478;epinettes - pouchet;onstreettram;75117;paris 17e
473694;porte d'orleans;onstreettram;75114;paris 14e
42370;boucicaut;metrostation;75115;paris 15e
42380;boulogne jean jaures;metrostation;92012;boulogne-billancourt
42381;boulogne pont de saint-cloud;metrostation;92012;boulogne-billancourt
42390;breguet-sabin;metrostation;75111;paris 11e
42410;buzenval;metrostation;75120;paris 20e
42414;cadet;metrostation;75109;paris 9e
42419;cambronne;metrostation;75115;paris 15e
42426;campo-formio;metrostation;75113;paris 13e
42435;cardinal lemoine;metrostation;75105;paris 5e
42447;carrefour pleyel;metrostation;93066;saint-denis
42461;censier - daubenton;metrostation;75105;paris 5e
42516;cesson;railstation;77067;cesson
42531;champs-elysees - clemenceau;metrostation;75108;paris 8e
42543;chardon lagache;metrostation;75116;paris 16e
42545;charenton - ecoles;metrostation;94018;charenton-le-pont
42557;charles michels;metrostation;75115;paris 15e
42560;charonne;metrostation;75111;paris 11e
42579;chateau d'eau;metrostation;75110;paris 10e
42582;chateau de vincennes;metrostation;75112;paris 12e
42585;chateau rouge;metrostation;75118;paris 18e
42587;chatelet;metrostation;75101;paris 1er
42588;chatillon-montrouge;metrostation;92020;chatillon
42589;chaussee d'antin - la fayette;metrostation;75109;paris 9e
42639;cite;metrostation;75104;paris 4e
42674;cluny - la sorbonne;metrostation;75105;paris 5e
42732;colonel fabien;metrostation;75110;paris 10e
42734;commerce;metrostation;75115;paris 15e
42751;convention;metrostation;75115;paris 15e
42759;corentin celton;metrostation;92040;issy-les-moulineaux
42771;courcelles;metrostation;75117;paris 17e
42772;couronnes;metrostation;75111;paris 11e
42778;creteil - prefecture;metrostation;94028;creteil
42779;creteil - universite;metrostation;94028;creteil
42780;crimee;metrostation;75119;paris 19e
42789;croix de chavaux;metrostation;93048;montreuil
42822;danube;metrostation;75119;paris 19e
42869;dugommier;metrostation;75112;paris 12e
42871;dupleix;metrostation;75115;paris 15e
42874;duroc;metrostation;75107;paris 7e
42885;ecole militaire;metrostation;75107;paris 7e
42889;ecole veterinaire de maisons-alfort;metrostation;94046;maisons-alfort
42947;eglise d'auteuil;metrostation;75116;paris 16e
42949;eglise de pantin;metrostation;93055;pantin
42962;esplanade de la defense;metrostation;92026;courbevoie
42972;europe;metrostation;75108;paris 8e
42977;exelmans;metrostation;75116;paris 16e
42980;faidherbe - chaligny;metrostation;75112;paris 12e
42981;falguiere;metrostation;75115;paris 15e
42984;felix faure;metrostation;75115;paris 15e
43026;franklin d. roosevelt;metrostation;75108;paris 8e
43042;gabriel peri;metrostation;92004;asnieres-sur-seine
43044;gagny;railstation;93032;gagny
43046;gaîte;metrostation;75114;paris 14e
43055;gambetta;metrostation;75120;paris 20e
43066;antony;railstation;92002;antony
43067;arcueil - cachan;railstation;94016;cachan
43068;arpajon;railstation;91021;arpajon
43069;asnieres-sur-seine;railstation;92004;asnieres-sur-seine
43070;aubergenville elisabethville;railstation;78029;aubergenville
43071;aulnay-sous-bois;railstation;93005;aulnay-sous-bois
43072;gare d'austerlitz;railstation;75113;paris 13e
43073;ecouen - ezanville;railstation;95229;ezanville
43074;emerainville - pontault-combault;railstation;77169;emerainville
43075;enghien-les-bains;railstation;95210;enghien-les-bains
43076;epinay-sur-orge;railstation;91216;epinay-sur-orge
43077;epinay-sur-seine;railstation;93031;epinay-sur-seine
43078;epinay - villetaneuse;railstation;93031;epinay-sur-seine
43079;eragny - neuville;railstation;95218;eragny
43080;etampes;railstation;91223;etampes
43081;etrechy;railstation;91226;etrechy
43082;houilles - carrieres-sur-seine;railstation;78311;houilles
43083;igny;railstation;91312;igny
43084;issy;railstation;92040;issy-les-moulineaux
43086;orsay ville;railstation;91471;orsay
43087;ballancourt;railstation;91045;ballancourt-sur-essonne
43088;bellevue;railstation;92048;meudon
43090;bessancourt;railstation;95060;bessancourt
43091;bievres;railstation;91064;bievres
43092;boigneville;railstation;91069;boigneville
43094;boissy-saint-leger;railstation;94004;boissy-saint-leger
43096;bondy;railstation;93010;bondy
43097;bourg-la-reine;railstation;92014;bourg-la-reine
43098;bretigny;railstation;91103;bretigny-sur-orge
43099;breuillet village;railstation;91105;breuillet
43100;breval;railstation;78107;breval
43101;bry-sur-marne;railstation;94015;bry-sur-marne
43102;buno - gironville;railstation;91121;buno-bonnevaux
43103;bures-sur-yvette;railstation;91122;bures-sur-yvette
43104;cergy le haut;railstation;95127;cergy
43105;cernay;railstation;95219;ermont
43106;champagne-sur-seine;railstation;77079;champagne-sur-seine
43107;chartrettes;railstation;77096;chartrettes
43108;chaville rive gauche;railstation;92022;chaville
43109;chilly-mazarin;railstation;91161;chilly-mazarin
43110;choisy-le-roi;railstation;94022;choisy-le-roi
43111;clamart;railstation;92023;clamart
43112;clichy - levallois;railstation;92044;levallois-perret
43113;colombes;railstation;92025;colombes
43114;conflans fin d'oise;railstation;78172;conflans-sainte-honorine
43115;corbeil-essonnes;railstation;91174;corbeil-essonnes
43116;cormeilles-en-parisis;railstation;95176;cormeilles-en-parisis
43117;coulommiers;railstation;77131;coulommiers
43118;courbevoie;railstation;92026;courbevoie
43120;domont;railstation;95199;domont
43121;dourdan;railstation;91200;dourdan
43122;drancy;railstation;93029;drancy
43123;fontaine-le-port;railstation;77188;fontaine-le-port
43124;fontaine michalon;railstation;92002;antony
43125;fontenay-aux-roses;railstation;92032;fontenay-aux-roses
43126;franconville - le plessis-bouchard;railstation;95252;franconville
43127;le chenay gagny;railstation;93032;gagny
43129;gargenville;railstation;78267;gargenville
43130;gennevilliers;railstation;92036;gennevilliers
43131;gretz-armainvilliers;railstation;77215;gretz-armainvilliers
43132;grigny centre;railstation;91286;grigny
43133;groslay;railstation;95288;groslay
43134;guillerval;railstation;91294;guillerval
43135;joinville-le-pont;railstation;94042;joinville-le-pont
43136;jouy-en-josas;railstation;78322;jouy-en-josas
43137;juziers;railstation;78327;juziers
43138;gare de l'est;metrostation;75110;paris 10e
43140;la courneuve - aubervilliers;railstation;93027;la courneuve
43142;la ferte-alais;railstation;91047;baulne
43143;la frette - montigny;railstation;95257;la frette-sur-seine
43144;la grande-paroisse;railstation;77210;la grande-paroisse
43145;la plaine stade de france;railstation;93066;saint-denis
43146;la varenne - chennevieres;railstation;94068;saint-maur-des-fosses
43147;la verriere;railstation;78644;la verriere
43149;lardy;railstation;91330;lardy
43150;saint-ouen-l'aumône liesse;railstation;95572;saint-ouen-l'aumône
43151;limay;railstation;78335;limay
43152;lognes;railstation;77258;lognes
43153;gare de lyon;metrostation;75112;paris 12e
43154;maisons-alfort - alfortville;railstation;94002;alfortville
43156;maisse;railstation;91359;maisse
43157;mantes-la-jolie;railstation;78361;mantes-la-jolie
43159;marolles-en-hurepoix;railstation;91376;marolles-en-hurepoix
43160;maurecourt;railstation;78015;andresy
43161;meaux;railstation;77284;meaux
486890;gravigny balizy;onstreettram;91345;longjumeau
43162;meudon;railstation;92048;meudon
486825;cite-jardin;onstreettram;92019;chatenay-malabry
486823;vallee aux loups;onstreettram;92019;chatenay-malabry
486819;noveos;onstreettram;92060;le plessis-robinson
486821;malabry;onstreettram;92019;chatenay-malabry
47746;hôpital beclere;onstreettram;92023;clamart
43163;meudon val fleury;railstation;92048;meudon
43164;mitry - claye;railstation;77294;mitry-mory
43165;monnerville;railstation;91414;monnerville
43166;montigny - beauchamp;railstation;95488;pierrelaye
462330;epinay-sur-seine;onstreettram;93031;epinay-sur-seine
43167;montreuil;railstation;78646;versailles
42882;domaine cherioux;onstreettram;94081;vitry-sur-seine
45531;angelique compoint - porte de montmartre;onstreettram;75118;paris 18e
473567;viroflay - rive droite;onstreettram;78686;viroflay
47421;porte de thiais;onstreettram;94021;chevilly-larue
43168;montsoult - maffliers;railstation;95430;montsoult
53692;lamartine;onstreettram;94076;villejuif
43169;nanterre prefecture;railstation;92050;nanterre
58494;victor basch;onstreettram;92025;colombes
462335;le bourget;onstreettram;93013;le bourget
43043;romain rolland;onstreettram;93014;clichy-sous-bois
411280;lycee henri sellier;onstreettram;93046;livry-gargan
46521;les pavillons-sous-bois;onstreettram;93057;les pavillons-sous-bois
47936;l'abbaye;onstreettram;93046;livry-gargan
477277;clichy - montfermeil;onstreettram;93014;clichy-sous-bois
473095;aulnay-sous-bois;onstreettram;93005;aulnay-sous-bois
473569;viroflay - rive gauche;onstreettram;78686;viroflay
473697;porte de montreuil;onstreettram;75120;paris 20e
45616;hôpital robert debre;onstreettram;75119;paris 19e
479025;rouget de lisle;onstreettram;94022;choisy-le-roi
479023;orly - gaston viens;onstreettram;94054;orly
479011;carle - darthe;onstreettram;94022;choisy-le-roi
43170;nanterre universite;railstation;92050;nanterre
43171;nanterre ville;railstation;92050;nanterre
43172;neuilly-plaisance;railstation;93049;neuilly-plaisance
43175;palaiseau - villebon;railstation;91477;palaiseau
43176;pantin;railstation;93055;pantin
43177;parc de sceaux;railstation;92002;antony
43178;persan - beaumont;railstation;95487;persan
43179;pierrefitte - stains;railstation;93059;pierrefitte-sur-seine
43180;pierrelaye;railstation;95488;pierrelaye
43181;plaisir - les clayes;railstation;78490;plaisir
480941;fourqueux - bel air;onstreettram;78551;saint-germain-en-laye
480929;lisiere pereire;onstreettram;78551;saint-germain-en-laye
480926;camp des loges;onstreettram;78551;saint-germain-en-laye
43183;porchefontaine;railstation;78646;versailles
43184;puteaux;railstation;92062;puteaux
43186;robinson;railstation;92071;sceaux
477287;clichy-sous-bois - mairie;onstreettram;93014;clichy-sous-bois
478647;arboretum;onstreettram;93047;montfermeil
43188;sainte-genevieve-des-bois;railstation;91549;sainte-genevieve-des-bois
43189;sannois;railstation;95582;sannois
43190;sarcelles - saint-brice;railstation;95539;saint-brice-sous-foret
44994;robert schuman (parc silic centre);onstreettram;94065;rungis
43191;sartrouville;railstation;78586;sartrouville
43192;savigny-sur-orge;railstation;91589;savigny-sur-orge
43193;sevran beaudottes;railstation;93071;sevran
415806;rose bertin;onstreettram;93031;epinay-sur-seine
50564;lacepede;onstreettram;93031;epinay-sur-seine
50483;epinay - orgemont;onstreettram;93031;epinay-sur-seine
58813;helene boucher (orlytech);onstreettram;91479;paray-vieille-poste
44649;robert wagner;onstreettram;78640;velizy-villacoublay
59179;parc andre malraux;onstreettram;92020;chatillon
43501;l'onde (maison des arts);onstreettram;78640;velizy-villacoublay
42846;dewoitine;onstreettram;78640;velizy-villacoublay
50686;suzanne valadon;onstreettram;93059;pierrefitte-sur-seine
473689;porte de saint-ouen;onstreettram;75118;paris 18e
45537;diane arbus - porte des poissonniers;onstreettram;75118;paris 18e
473684;porte de choisy;onstreettram;75113;paris 13e
44137;meudon-sur-seine;onstreettram;92048;meudon
42315;belvedere;onstreettram;92073;suresnes
462328;les courtilles;onstreettram;92004;asnieres-sur-seine
46452;le luth;onstreettram;92036;gennevilliers
47347;escadrille normandie-niemen;onstreettram;93008;bobigny
42763;cosmonautes;onstreettram;93027;la courneuve
43194;sevran - livry;railstation;93071;sevran
43195;sevres rive gauche;railstation;92072;sevres
43196;saint-cloud;railstation;92064;saint-cloud
43198;saint-germain-en-laye;railstation;78551;saint-germain-en-laye
43201;saint-gratien;railstation;95555;saint-gratien
43202;saint-michel-sur-orge;railstation;91570;saint-michel-sur-orge
43203;saint-ouen;railstation;93070;saint-ouen
43204;stade de france saint-denis;railstation;93066;saint-denis
43205;suresnes mont valerien;railstation;92073;suresnes
43206;taverny;railstation;95607;taverny
44917;suzanne lenglen;onstreettram;75115;paris 15e
462350;chatillon - montrouge;onstreettram;92020;chatillon
43207;torcy;railstation;77468;torcy
44189;musee de sevres;onstreettram;92072;sevres
43208;tournan;railstation;77470;tournan-en-brie
43209;trappes;railstation;78621;trappes
43211;vaires - torcy;railstation;77479;vaires-sur-marne
43212;val d'argenteuil;railstation;95018;argenteuil
43213;val d'europe;railstation;77111;chessy
43214;vanves - malakoff;railstation;92075;vanves
43215;vauboyen;railstation;91064;bievres
43216;vaucresson;railstation;92076;vaucresson
43217;vaux-sur-seine;railstation;78638;vaux-sur-seine
43218;vernou-sur-seine;railstation;77494;vernou-la-celle-sur-seine
43219;versailles chantiers;railstation;78646;versailles
43220;versailles chateau rive gauche;railstation;78646;versailles
43221;villepreux - les clayes;railstation;78165;les clayes-sous-bois
43222;villiers-le-bel - gonesse - arnouville;railstation;95019;arnouville
43223;villiers-sur-marne - le plessis-trevise;railstation;94079;villiers-sur-marne
43224;vincennes;railstation;94080;vincennes
43225;viry-chatillon;railstation;91687;viry-chatillon
43226;yerres;railstation;91691;yerres
43227;les ardoines;railstation;94081;vitry-sur-seine
43228;les baconnets;railstation;92002;antony
43229;les essarts-le-roi;railstation;78220;les essarts-le-roi
43230;les gresillons;railstation;92036;gennevilliers
43231;le bourget;railstation;93013;le bourget
43232;le guichet;railstation;91471;orsay
43234;le parc de saint-maur;railstation;94068;saint-maur-des-fosses
43235;le perray;railstation;78486;le perray-en-yvelines
43236;le stade;railstation;92025;colombes
43237;le vesinet - le pecq;railstation;78650;le vesinet
43238;gare montparnasse;railstation;75115;paris 15e
43239;marne-la-vallee chessy;railstation;77111;chessy
43241;chaville rive droite;railstation;92022;chaville
43245;nemours - saint-pierre;railstation;77431;saint-pierre-les-nemours
43246;la ferte-sous-jouarre;railstation;77183;la ferte-sous-jouarre
43247;marles-en-brie;railstation;77229;la houssaye-en-brie
43248;marly-le-roi;railstation;78372;marly-le-roi
43251;garges - sarcelles;railstation;95268;garges-les-gonesse
43252;garibaldi;metrostation;93070;saint-ouen
43283;george v;metrostation;75108;paris 8e
43298;goncourt;metrostation;75111;paris 11e
43310;grands boulevards;metrostation;75109;paris 9e
43333;guy môquet;metrostation;75118;paris 18e
43364;hoche;metrostation;93055;pantin
43395;iena;metrostation;75116;paris 16e
43407;invalides;metrostation;75107;paris 7e
43409;la tour-maubourg;metrostation;75107;paris 7e
43411;tolbiac;metrostation;75113;paris 13e
43417;jacques bonsergent;metrostation;75110;paris 10e
43423;jasmin;metrostation;75116;paris 16e
43425;jaures;metrostation;75119;paris 19e
43483;jourdain;metrostation;75120;paris 20e
43493;jussieu;metrostation;75105;paris 5e
43498;kleber;metrostation;75116;paris 16e
43511;miromesnil;metrostation;75108;paris 8e
43524;la chapelle;metrostation;75118;paris 18e
43548;la fourche;metrostation;75117;paris 17e
43566;la motte-picquet - grenelle;metrostation;75115;paris 15e
43567;la muette;metrostation;75116;paris 16e
43600;lamarck - caulaincourt;metrostation;75118;paris 18e
43607;laplace;railstation;94003;arcueil
43643;le kremlin-bicetre;metrostation;94043;le kremlin-bicetre
43656;le peletier;metrostation;75109;paris 9e
43674;ledru-rollin;metrostation;75112;paris 12e
43693;les agnettes;metrostation;92036;gennevilliers
43737;les gobelins;metrostation;75113;paris 13e
43785;les sablons;metrostation;92051;neuilly-sur-seine
43811;liberte;metrostation;94018;charenton-le-pont
43814;liege;metrostation;75108;paris 8e
43823;louis blanc;metrostation;75110;paris 10e
43833;luxembourg;railstation;75105;paris 5e
43898;madeleine;metrostation;75108;paris 8e
43969;mairie de saint-ouen;metrostation;93070;saint-ouen
44012;mairie de clichy;metrostation;92024;clichy
44050;mairie d'issy;metrostation;92040;issy-les-moulineaux
44051;mairie d'ivry;metrostation;94041;ivry-sur-seine
44052;mairie de montreuil;metrostation;93048;montreuil
44055;mairie des lilas;metrostation;93045;les lilas
44057;maison blanche;metrostation;75113;paris 13e
44066;maisons-alfort - stade;metrostation;94046;maisons-alfort
44067;maisons-alfort - les juilliottes;metrostation;94046;maisons-alfort
44069;malakoff - rue etienne dolet;metrostation;92046;malakoff
44072;maraîchers;metrostation;75120;paris 20e
44075;marcadet - poissonniers;metrostation;75118;paris 18e
44113;marx dormoy;metrostation;75118;paris 18e
44119;maubert - mutualite;metrostation;75105;paris 5e
44133;menilmontant;metrostation;75120;paris 20e
44138;michel-ange - auteuil;metrostation;75116;paris 16e
44139;michel-ange - molitor;metrostation;75116;paris 16e
44140;michel bizot;metrostation;75112;paris 12e
44146;monceau;metrostation;75117;paris 17e
44160;montgallet;metrostation;75112;paris 12e
44161;montgeroult - courcelles;railstation;95422;montgeroult
44183;mouton-duvernet;metrostation;75114;paris 14e
44192;nationale;metrostation;75113;paris 13e
44199;noisiel;railstation;77337;noisiel
44201;noisy-le-sec;railstation;93053;noisy-le-sec
44210;notre-dame-de-lorette;metrostation;75109;paris 9e
44211;notre-dame des champs;metrostation;75106;paris 6e
44227;ourcq;metrostation;75119;paris 19e
44236;palais royal - musee du louvre;metrostation;75101;paris 1er
44273;pasteur;metrostation;75115;paris 15e
44310;pere lachaise;metrostation;75111;paris 11e
44314;pereire levallois;railstation;75117;paris 17e
44316;pernety;metrostation;75114;paris 14e
44332;philippe auguste;metrostation;75111;paris 11e
44334;picpus;metrostation;75112;paris 12e
44343;pierre et marie curie;metrostation;94041;ivry-sur-seine
44345;pigalle;metrostation;75109;paris 9e
44371;place d'italie;metrostation;75113;paris 13e
44372;place de clichy;metrostation;75118;paris 18e
44396;place des fetes;metrostation;75119;paris 19e
44411;pontoise;railstation;95500;pontoise
44435;place monge;metrostation;75105;paris 5e
44453;pointe du lac;metrostation;94028;creteil
44461;rue de la pompe;metrostation;75116;paris 16e
44479;pont de neuilly;metrostation;92051;neuilly-sur-seine
44481;pont de sevres;metrostation;92012;boulogne-billancourt
486896;longjumeau;onstreettram;91345;longjumeau
486884;massy-palaiseau;onstreettram;91377;massy
486829;theatre la piscine;onstreettram;92019;chatenay-malabry
486833;la vallee;onstreettram;92002;antony
486835;croix de berny;onstreettram;92002;antony
44487;pont marie (cite des arts);metrostation;75104;paris 4e
59329;pablo neruda;onstreettram;93079;villetaneuse
57491;place de la logistique;onstreettram;94065;rungis
462332;gare de gennevilliers;onstreettram;92036;gennevilliers
58781;caroline aigle (orlyfret);onstreettram;94054;orly
479058;faubourg de l'arche;onstreettram;92026;courbevoie
47693;moulin vert;onstreettram;94081;vitry-sur-seine
45358;henri farman;onstreettram;75115;paris 15e
473331;pont du garigliano;onstreettram;75115;paris 15e
479052;maurice audin;onstreettram;93014;clichy-sous-bois
473687;porte de pantin - parc de la villette;onstreettram;75119;paris 19e
44503;porte d'aubervilliers;onstreettram;75118;paris 18e
58502;adrienne bolland;onstreettram;75120;paris 20e
44491;pont neuf;metrostation;75101;paris 1er
479027;verdun - hoche;onstreettram;94073;thiais
479019;constant coquelin;onstreettram;94081;vitry-sur-seine
44493;bagneux;railstation;94016;cachan
44500;port royal;railstation;75105;paris 5e
44504;porte d'auteuil;metrostation;75116;paris 16e
44507;porte d'ivry;metrostation;75113;paris 13e
44508;porte d'orleans;metrostation;75114;paris 14e
44509;porte dauphine;metrostation;75116;paris 16e
44510;porte de bagnolet;metrostation;75120;paris 20e
44511;porte de champerret;metrostation;75117;paris 17e
44512;porte de charenton;metrostation;75112;paris 12e
44513;porte de choisy;metrostation;75113;paris 13e
44514;porte de clichy;railstation;75117;paris 17e
480931;l'etang - les sablons;onstreettram;78224;l'etang-la-ville
462929;allee de la tour-rendez-vous;onstreettram;93077;villemomble
44095;marche de saint-denis;onstreettram;93066;saint-denis
47370;les coteaux;onstreettram;92064;saint-cloud
44515;porte de clignancourt;metrostation;75118;paris 18e
44520;porte de montreuil;metrostation;75120;paris 20e
44521;porte de pantin;metrostation;75119;paris 19e
44524;porte de saint-cloud;metrostation;75116;paris 16e
44525;porte de saint-ouen;metrostation;75118;paris 18e
44526;porte de vanves;metrostation;75114;paris 14e
44528;porte de vincennes;metrostation;75112;paris 12e
44529;porte des lilas;metrostation;75120;paris 20e
44532;porte doree;metrostation;75112;paris 12e
44533;porte maillot;metrostation;75117;paris 17e
46334;paul eluard;onstreettram;93066;saint-denis
47688;la belle epine;onstreettram;94065;rungis
42642;mail de la plaine;onstreettram;92023;clamart
43830;louvois;onstreettram;78640;velizy-villacoublay
59221;centre de chatillon;onstreettram;92020;chatillon
43748;locheres;onstreettram;95585;sarcelles
59018;les cholettes;onstreettram;95585;sarcelles
58638;joncherolles;onstreettram;93059;pierrefitte-sur-seine
58637;baudelaire;onstreettram;93066;saint-denis
44518;porte de la villette;onstreettram;75119;paris 19e
45596;canal saint-denis;onstreettram;75119;paris 19e
44550;poterne des peupliers;onstreettram;75113;paris 13e
45305;avenue de france;onstreettram;75113;paris 13e
47413;jacqueline auriol;onstreettram;92025;colombes
473392;issy - val de seine;onstreettram;92040;issy-les-moulineaux
44471;pont de bondy;onstreettram;93053;noisy-le-sec
44252;parc des chanteraines;onstreettram;92036;gennevilliers
43805;liberation;onstreettram;93008;bobigny
50664;le village;onstreettram;92036;gennevilliers
43373;hôpital avicenne;onstreettram;93008;bobigny
462392;saint-denis;onstreettram;93066;saint-denis
44300;pave blanc;onstreettram;92023;clamart
46331;l'Île-saint-denis;onstreettram;93039;l'Île-saint-denis
44559;cergy prefecture;railstation;95127;cergy
44579;pyramides;metrostation;75101;paris 1er
44580;pyrenees;metrostation;75119;paris 19e
44582;quai de la gare;metrostation;75113;paris 13e
44583;quai de la rapee;metrostation;75112;paris 12e
44587;quatre septembre;metrostation;75102;paris 2e
44593;rambuteau;metrostation;75104;paris 4e
44594;ranelagh;metrostation;75116;paris 16e
42844;desnouettes;onstreettram;75115;paris 15e
44600;reaumur - sebastopol;metrostation;75102;paris 2e
44602;versailles rive droite;railstation;78646;versailles
462331;epinay - villetaneuse;onstreettram;93031;epinay-sur-seine
44609;rennes;metrostation;75106;paris 6e
44617;republique;metrostation;75111;paris 11e
44628;louvres;railstation;95351;louvres
44637;reuilly - diderot;metrostation;75112;paris 12e
44641;richard-lenoir;metrostation;75111;paris 11e
44642;richelieu - drouot;metrostation;75109;paris 9e
44643;riquet;metrostation;75119;paris 19e
44645;louvre - rivoli;metrostation;75101;paris 1er
44650;robespierre;metrostation;93048;montreuil
44662;rome;metrostation;75117;paris 17e
44787;rungis la fraternelle;railstation;94065;rungis
462353;puteaux;onstreettram;92062;puteaux
44799;saint-germain-des-pres;metrostation;75106;paris 6e
44801;saint-maur - creteil;railstation;94068;saint-maur-des-fosses
44825;sentier;metrostation;75102;paris 2e
44828;sevres - babylone;metrostation;75107;paris 7e
44829;sevres-lecourbe;metrostation;75115;paris 15e
44833;simplon;metrostation;75118;paris 18e
44840;solferino;metrostation;75107;paris 7e
44857;saint-augustin;metrostation;75108;paris 8e
44860;saint-denis - universite;metrostation;93066;saint-denis
44864;saint-fargeau;metrostation;75120;paris 20e
44867;saint-georges;metrostation;75109;paris 9e
44875;saint-marcel;metrostation;75113;paris 13e
44877;saint-michel notre-dame;railstation;75105;paris 5e
44881;saint-paul (le marais);metrostation;75104;paris 4e
44884;saint-philippe du roule;metrostation;75108;paris 8e
44885;saint-placide;metrostation;75106;paris 6e
44901;stalingrad;metrostation;75119;paris 19e
44909;strasbourg - saint-denis;metrostation;75110;paris 10e
44911;sully - morland;metrostation;75104;paris 4e
44923;telegraphe;metrostation;75120;paris 20e
44924;temple;metrostation;75103;paris 3e
44931;ternes;metrostation;75117;paris 17e
44962;trocadero;metrostation;75116;paris 16e
44970;etienne marcel;metrostation;75101;paris 1er
44995;vaugirard;metrostation;75115;paris 15e
44997;vavin;metrostation;75106;paris 6e
45020;victor hugo;metrostation;75116;paris 16e
45049;villejuif - louis aragon;metrostation;94076;villejuif
45056;villiers;metrostation;75108;paris 8e
45060;volontaires;metrostation;75115;paris 15e
45065;voltaire;metrostation;75111;paris 11e
45067;villeneuve-saint-georges;railstation;94078;villeneuve-saint-georges
45097;chemin vert;metrostation;75103;paris 3e
45100;bonne nouvelle;metrostation;75102;paris 2e
45101;bourse;metrostation;75102;paris 2e
45102;chatelet les halles;railstation;75101;paris 1er
45116;vaneau;metrostation;75107;paris 7e
45120;saint-sulpice;metrostation;75106;paris 6e
45131;varenne;metrostation;75107;paris 7e
45139;saint-francois-xavier;metrostation;75107;paris 7e
45165;poissonniere;metrostation;75109;paris 9e
45170;trinite - d'estienne d'orves;metrostation;75109;paris 9e
45193;oberkampf;metrostation;75111;paris 11e
45194;rue saint-maur;metrostation;75111;paris 11e
45196;alexandre dumas;metrostation;75120;paris 20e
45205;saint-ambroise;metrostation;75111;paris 11e
45208;saint-sebastien - froissart;metrostation;75103;paris 3e
45222;bel-air;metrostation;75112;paris 12e
45229;daumesnil;metrostation;75112;paris 12e
45234;cour saint-emilion;metrostation;75112;paris 12e
45267;chevaleret;metrostation;75113;paris 13e
45274;corvisart;metrostation;75113;paris 13e
45276;glaciere;metrostation;75113;paris 13e
45301;bibliotheque francois mitterrand;railstation;75113;paris 13e
45313;edgar quinet;metrostation;75114;paris 14e
45314;raspail;metrostation;75114;paris 14e
45315;saint-jacques;metrostation;75114;paris 14e
45322;plaisance;metrostation;75114;paris 14e
45340;bir-hakeim;metrostation;75115;paris 15e
45346;javel;railstation;75115;paris 15e
45363;lourmel;metrostation;75115;paris 15e
45417;passy;metrostation;75116;paris 16e
45419;avenue du president kennedy maison de radio france;railstation;75116;paris 16e
45430;mirabeau;metrostation;75116;paris 16e
45437;avenue foch;railstation;75116;paris 16e
45447;avenue henri martin;railstation;75116;paris 16e
45453;boulainvilliers;railstation;75116;paris 16e
45487;brochant;metrostation;75117;paris 17e
45493;pont cardinet;railstation;75117;paris 17e
45508;wagram;metrostation;75117;paris 17e
45558;funiculaire de montmartre - gare haute;metrostation;75118;paris 18e
45559;funiculaire de montmartre - gare basse;metrostation;75118;paris 18e
45581;laumiere;metrostation;75119;paris 19e
45598;corentin cariou;metrostation;75119;paris 19e
45609;buttes chaumont;metrostation;75119;paris 19e
45617;pre-saint-gervais;metrostation;75119;paris 19e
45630;pelleport;metrostation;75120;paris 20e
45664;tuileries;metrostation;75101;paris 1er
45676;concorde;metrostation;75108;paris 8e
45704;assemblee nationale;metrostation;75107;paris 7e
45705;musee d'orsay;railstation;75107;paris 7e
45712;creteil - l'echat;metrostation;94028;creteil
45735;vigneux-sur-seine;railstation;91657;vigneux-sur-seine
45739;juvisy;railstation;91326;juvisy-sur-orge
45745;evry - val de seine;railstation;91228;evry
45759;essonnes robinson;railstation;91174;corbeil-essonnes
45761;moulin galant;railstation;91174;corbeil-essonnes
45763;boissise-le-roi;railstation;77040;boissise-le-roi
45771;combs-la-ville - quincy;railstation;77122;combs-la-ville
45784;le mee;railstation;77285;le mee-sur-seine
45804;livry-sur-seine;railstation;77255;livry-sur-seine
45812;ponthierry - pringy;railstation;77407;saint-fargeau-ponthierry
45814;saint-fargeau;railstation;77407;saint-fargeau-ponthierry
45820;le plessis chenet;railstation;91179;le coudray-montceaux
45824;le coudray-montceaux;railstation;91179;le coudray-montceaux
45850;le bras de fer;railstation;91228;evry
45860;grand bourg;railstation;91521;ris-orangis
45873;auber;railstation;75109;paris 9e
45877;gentilly;railstation;94037;gentilly
45904;mairie de montrouge;metrostation;92049;montrouge
46007;la croix de berny;railstation;92002;antony
46035;chemin d'antony;railstation;92002;antony
46163;le blanc-mesnil;railstation;93007;le blanc-mesnil
46222;vert galant;railstation;93078;villepinte
46286;creteil pompadour;railstation;94028;creteil
46298;les saules;railstation;94054;orly
46299;orly ville;railstation;94054;orly
46304;villeneuve triage;railstation;94078;villeneuve-saint-georges
46307;villeneuve-le-roi;railstation;94077;villeneuve-le-roi
46366;ivry-sur-seine;railstation;94041;ivry-sur-seine
46375;vitry-sur-seine;railstation;94081;vitry-sur-seine
46387;ablon;railstation;94001;ablon-sur-seine
46395;athis-mons;railstation;91027;athis-mons
46470;la barre ormesson;railstation;95197;deuil-la-barre
46477;champ de courses d'enghien;railstation;95598;soisy-sous-montmorency
46482;gros noyer saint-prix;railstation;95219;ermont
46492;aubervilliers-pantin quatre chemins;metrostation;93001;aubervilliers
46552;nogent - le perreux;railstation;94052;nogent-sur-marne
46568;roissy-en-brie;railstation;77390;roissy-en-brie
46647;acheres ville;railstation;78005;acheres
46689;viroflay rive droite;railstation;78686;viroflay
46725;villeparisis - mitry-le-neuf;railstation;77294;mitry-mory
46731;compans;railstation;77123;compans
46736;dammartin - juilly - saint-mard;railstation;77420;saint-mard
46801;boissy-l'aillerie;railstation;95078;boissy-l'aillerie
46832;gazeran;railstation;78269;gazeran
46847;villiers - neauphle - pontchartrain;railstation;78683;villiers-saint-frederic
46850;montfort-l'amaury - mere;railstation;78389;mere
486831;petit chatenay;onstreettram;92019;chatenay-malabry
486817;parc des sports;onstreettram;92060;le plessis-robinson
486811;jardin parisien;onstreettram;92023;clamart
46857;beynes;railstation;78062;beynes
46884;mareil-sur-mauldre;railstation;78368;mareil-sur-mauldre
46886;maule;railstation;78380;maule
486893;chilly-mazarin;onstreettram;91161;chilly-mazarin
486879;epinay-sur-orge;onstreettram;91216;epinay-sur-orge
46897;meulan - hardricourt;railstation;78299;hardricourt
486815;le hameau;onstreettram;92060;le plessis-robinson
45538;colette besson;onstreettram;75118;paris 18e
46902;thun le paradis;railstation;78401;meulan-en-yvelines
46926;triel-sur-seine;railstation;78624;triel-sur-seine
59326;delaunay - belleville;onstreettram;93066;saint-denis
46965;mantes station;railstation;78361;mantes-la-jolie
46975;issou - porcheville;railstation;78314;issou
46984;bonnieres;railstation;78089;bonnieres-sur-seine
46990;saint-cyr;railstation;78545;saint-cyr-l'ecole
47009;palaiseau;railstation;91477;palaiseau
44859;basilique de saint-denis;onstreettram;93066;saint-denis
42830;meudon-la-foret;onstreettram;92048;meudon
462931;stains la cerisaie;onstreettram;93072;stains
47933;freinville sevran;onstreettram;93071;sevran
426092;dugny - la courneuve;onstreettram;93027;la courneuve
45215;alexandra david-neel;onstreettram;75112;paris 12e
58503;marie de miribel;onstreettram;75120;paris 20e
58500;delphine seyrig;onstreettram;75119;paris 19e
58501;butte du chapeau rouge;onstreettram;75119;paris 19e
479026;trois communes;onstreettram;94073;thiais
479030;musee mac val;onstreettram;94081;vitry-sur-seine
479022;mairie de vitry-sur-seine;onstreettram;94081;vitry-sur-seine
479015;camille groult;onstreettram;94081;vitry-sur-seine
47021;marcel sembat;metrostation;92012;boulogne-billancourt
47046;la hacquiniere;railstation;91122;bures-sur-yvette
47052;courcelle-sur-yvette;railstation;91272;gif-sur-yvette
47059;longjumeau;railstation;91345;longjumeau
47095;dourdan la foret;railstation;91200;dourdan
47115;saint-martin d'etampes;railstation;91223;etampes
47118;souppes - chateau-landon;railstation;77458;souppes-sur-loing
47119;bagneaux-sur-loing;railstation;77016;bagneaux-sur-loing
47124;bourron-marlotte - grez;railstation;77048;bourron-marlotte
47125;montigny-sur-loing;railstation;77312;montigny-sur-loing
47130;moret - veneux-les-sablons;railstation;77491;veneux-les-sablons
480943;mareil-marly;onstreettram;78367;mareil-marly
473143;bondy;onstreettram;93010;bondy
47136;vulaines-sur-seine - samoreau;railstation;77533;vulaines-sur-seine
47145;hericy;railstation;77226;hericy
46119;stade geo andre;onstreettram;93027;la courneuve
47158;nangis;railstation;77327;nangis
47171;sainte-colombe septveilles;railstation;77404;sainte-colombe
47174;champbenoist poigny;railstation;77368;poigny
47181;provins;railstation;77379;provins
47184;mormant;railstation;77317;mormant
47187;verneuil-l'etang;railstation;77493;verneuil-l'etang
47199;faremoutiers - pommeuse;railstation;77371;pommeuse
47205;guerard - la celle-sur-morin;railstation;77219;guerard
473306;garges - sarcelles;onstreettram;95585;sarcelles
47238;fontenay-sous-bois;railstation;94033;fontenay-sous-bois
47247;saint-mande;metrostation;94067;saint-mande
59325;blumenthal;onstreettram;93031;epinay-sur-seine
473766;villejuif - louis aragon;onstreettram;94076;villejuif
473468;la fraternelle;onstreettram;94065;rungis
58784;auguste perret (cimetiere parisien);onstreettram;94021;chevilly-larue
44838;soleil levant;onstreettram;92023;clamart
43013;les flanades;onstreettram;95585;sarcelles
45482;honore de balzac;onstreettram;75117;paris 17e
473705;porte de versailles - parc des expositions;onstreettram;75115;paris 15e
45329;montsouris;onstreettram;75114;paris 14e
43462;jean moulin;onstreettram;75114;paris 14e
42387;brancion;onstreettram;75115;paris 15e
44678;parc pierre lagravere;onstreettram;92025;colombes
43765;les moulineaux;onstreettram;92040;issy-les-moulineaux
462395;la defense (grande arche);onstreettram;92062;puteaux
43420;jacques-henri lartigue;onstreettram;92040;issy-les-moulineaux
47355;la noue;onstreettram;92078;villeneuve-la-garenne
47322;esbly;railstation;77171;esbly
47325;montry - conde;railstation;77315;montry
47327;couilly - saint-germain - quincy;railstation;77413;saint-germain-sur-morin
47412;la garenne-colombes;railstation;92025;colombes
47447;conflans-sainte-honorine;railstation;78172;conflans-sainte-honorine
44892;stade charlety - porte de gentilly;onstreettram;75113;paris 13e
47482;nanteuil - saacy;railstation;77397;saacy-sur-marne
44861;saint-denis - porte de paris;onstreettram;93066;saint-denis
47484;isles - armentieres - congis;railstation;77231;isles-les-meldeuses
47486;lizy-sur-ourcq;railstation;77257;lizy-sur-ourcq
47491;crouy-sur-ourcq;railstation;77148;crouy-sur-ourcq
47517;bouffemont - moisselles;railstation;95091;bouffemont
47522;villaines;railstation;95660;villaines-sous-bois
47524;belloy - saint-martin;railstation;95056;belloy-en-france
44914;suresnes longchamp;onstreettram;92073;suresnes
47525;viarmes;railstation;95652;viarmes
47528;luzarches;railstation;95352;luzarches
47530;nointel - mours;railstation;95452;nointel
47533;bruyeres-sur-oise;railstation;95116;bruyeres-sur-oise
47580;frepillon;railstation;95256;frepillon
47582;mery-sur-oise;railstation;95394;mery-sur-oise
47585;meriel;railstation;95392;meriel
47588;valmondois;railstation;95120;butry-sur-oise
47589;l'isle-adam - parmain;railstation;95480;parmain
47590;champagne-sur-oise;railstation;95134;champagne-sur-oise
47591;chaponval;railstation;95039;auvers-sur-oise
47595;pont petit;railstation;95572;saint-ouen-l'aumône
47596;gare epluches;railstation;95572;saint-ouen-l'aumône
47599;saint-ouen-l'aumône;railstation;95572;saint-ouen-l'aumône
47603;herblay;railstation;95306;herblay
47654;bois-le-roi;railstation;77037;bois-le-roi
47665;savigny-le-temple - nandy;railstation;77445;savigny-le-temple
47669;lieusaint - moissy;railstation;77251;lieusaint
47684;montgeron - crosne;railstation;91421;montgeron
47767;sevres - ville-d'avray;railstation;92072;sevres
47770;garches - marnes-la-coquette;railstation;92033;garches
47790;bougival;railstation;78126;la celle-saint-cloud
47826;villejuif leo lagrange;metrostation;94076;villejuif
47874;poissy;railstation;78498;poissy
47875;argenteuil;railstation;95018;argenteuil
47876;goussainville;railstation;95280;goussainville
47877;rosny-sous-bois;railstation;93064;rosny-sous-bois
47878;parc des expositions;railstation;93078;villepinte
47879;neuville universite;railstation;95450;neuville-sur-oise
47880;la celle-saint-cloud;railstation;78126;la celle-saint-cloud
47881;les mureaux;railstation;78440;les mureaux
47882;epône - mezieres;railstation;78217;epône
47883;chaville - velizy;railstation;78686;viroflay
47884;fontenay-le-fleury;railstation;78242;fontenay-le-fleury
47885;plaisir - grignon;railstation;78490;plaisir
47886;nogent-sur-marne;railstation;94052;nogent-sur-marne
47888;gif-sur-yvette;railstation;91272;gif-sur-yvette
47889;saint-remy-les-chevreuse;railstation;78575;saint-remy-les-chevreuse
47890;gallieni;metrostation;93006;bagnolet
47891;fort d'aubervilliers;metrostation;93001;aubervilliers
47894;crecy-la-chapelle;railstation;77142;crecy-la-chapelle
47895;boutigny;railstation;91099;boutigny-sur-essonne
47897;cergy saint-christophe;railstation;95127;cergy
47898;ermont - eaubonne;railstation;95219;ermont
47899;mennecy;railstation;91386;mennecy
47900;val de fontenay;railstation;94033;fontenay-sous-bois
47901;le raincy - villemomble - montfermeil;railstation;93077;villemomble
47903;garancieres - la queue;railstation;78265;garancieres
47904;villabe;railstation;91659;villabe
47905;bouray;railstation;91330;lardy
47906;evry - courcouronnes;railstation;91228;evry
47907;pont de rungis aeroport d'orly;railstation;94073;thiais
47909;melun;railstation;77288;melun
47910;montereau;railstation;77305;montereau-fault-yonne
47911;fontainebleau - avon;railstation;77014;avon
47914;longueville;railstation;77260;longueville
47915;acheres grand cormier;railstation;78551;saint-germain-en-laye
47916;andresy;railstation;78015;andresy
47917;angerville;railstation;91016;angerville
47918;auvers-sur-oise;railstation;95039;auvers-sur-oise
47920;ermont halte;railstation;95219;ermont
47921;orgerus - behoust;railstation;78465;orgerus
47922;us;railstation;95625;us
47923;becon les bruyeres;railstation;92026;courbevoie
47924;boussy-saint-antoine;railstation;91097;boussy-saint-antoine
47925;breuillet - bruyeres-le-chatel;railstation;91105;breuillet
47926;gare de chailly boissy le chatel;railstation;77070;chailly-en-brie
47927;gare de chamarande;railstation;91132;chamarande
47928;changis - saint-jean;railstation;77084;changis-sur-marne
47929;chanteloup-les-vignes;railstation;78138;chanteloup-les-vignes
47930;chars;railstation;95142;chars
47931;gare de chauffry;railstation;77436;saint-simeon
47932;coignieres;railstation;78168;coignieres
47934;gravigny balizy;railstation;91345;longjumeau
47935;houdan;railstation;78310;houdan
47937;l'etang-la-ville;railstation;78224;l'etang-la-ville
47938;la ferte-gaucher;railstation;77182;la ferte-gaucher
47939;la norville - saint-germain-les-arpajon;railstation;91457;la norville
47940;massy - verrieres;railstation;91377;massy
47942;mortcerf;railstation;77318;mortcerf
47943;mouroux;railstation;77320;mouroux
47944;nezel - aulnay;railstation;78451;nezel
47945;petit vaux;railstation;91216;epinay-sur-orge
47946;presles - courcelles;railstation;95504;presles
47948;ris-orangis;railstation;91521;ris-orangis
47949;santeuil - le perchay;railstation;95584;santeuil
47950;sermaise;railstation;91593;sermaise
47951;seugy;railstation;95594;seugy
47952;saint-cheron;railstation;91540;saint-cheron
47953;saint-mammes;railstation;77419;saint-mammes
47954;saint-nom-la-breteche foret de marly;railstation;78224;l'etang-la-ville
47955;saint-ouen-l'aumône quartier de l'eglise;railstation;95572;saint-ouen-l'aumône
47956;saint-remy-la-vanne;railstation;77432;saint-remy-la-vanne
47957;saint-simeon;railstation;77436;saint-simeon
47958;survilliers - fosses;railstation;95250;fosses
47959;tacoignieres - richebourg;railstation;78605;tacoignieres
47960;thieux - nantouillet;railstation;77462;thieux
47961;thomery;railstation;77186;fontainebleau
47962;trilport;railstation;77475;trilport
47963;vaucelles;railstation;95607;taverny
47964;vernouillet - verneuil;railstation;78642;verneuil-sur-seine
47966;villennes-sur-seine;railstation;78672;villennes-sur-seine
47967;vosves;railstation;77152;dammarie-les-lys
50800;georges pompidou;onstreettram;92023;clamart
52184;saarinen;onstreettram;94065;rungis
50685;guynemer;onstreettram;93066;saint-denis
46450;timbaud;onstreettram;92036;gennevilliers
46100;la courneuve - six routes;onstreettram;93027;la courneuve
47411;charlebourg;onstreettram;92035;la garenne-colombes
50572;cesar;onstreettram;93079;villetaneuse
58640;butte pinson (parc regional);onstreettram;93059;pierrefitte-sur-seine
47968;les noues;railstation;95280;goussainville
479021;germaine tailleferre;onstreettram;94081;vitry-sur-seine
479016;christophe colomb;onstreettram;94054;orly
59249;gilbert bonnemaison;onstreettram;93031;epinay-sur-seine
411283;rougemont chanteloup;onstreettram;93071;sevran
44626;republique - marx dormoy;onstreettram;93046;livry-gargan
43430;leon blum;onstreettram;93046;livry-gargan
43978;hôpital de montfermeil;onstreettram;93047;montfermeil
43128;gargan;onstreettram;93057;les pavillons-sous-bois
479028;watteau - rondenay;onstreettram;94081;vitry-sur-seine
478994;beethoven - concorde;onstreettram;94081;vitry-sur-seine
47969;les vallees;railstation;92025;colombes
48489;orangis bois de l'epine;railstation;91521;ris-orangis
48964;saint-leu-la-foret;railstation;95563;saint-leu-la-foret
49515;porte de versailles;metrostation;75115;paris 15e
51238;bois-colombes;railstation;92009;bois-colombes
51494;osny;railstation;95476;osny
480937;les portes de saint-cyr;onstreettram;78646;versailles
51612;segur;metrostation;75115;paris 15e
479017;chateaudun - barbes;onstreettram;94041;ivry-sur-seine
59147;georges millandy;onstreettram;92048;meudon
51613;louise michel;metrostation;92044;levallois-perret
53783;chatou - croissy;railstation;78146;chatou
53784;le vesinet - centre;railstation;78650;le vesinet
54249;les clairieres de verneuil;railstation;78642;verneuil-sur-seine
57674;petit jouy les loges;railstation;78322;jouy-en-josas
58267;les boullereaux champigny;railstation;94017;champigny-sur-marne
479014;la briqueterie;onstreettram;94041;ivry-sur-seine
44517;porte de la chapelle;onstreettram;75118;paris 18e
58270;champigny;railstation;94068;saint-maur-des-fosses
50566;les beatus;onstreettram;93031;epinay-sur-seine
59327;jean vilar;onstreettram;93079;villetaneuse
58782;coeur d'orly;onstreettram;94054;orly
59053;velizy 2;onstreettram;78640;velizy-villacoublay
59202;vauban;onstreettram;92020;chatillon
44298;paul valery;onstreettram;95585;sarcelles
45629;severine;onstreettram;75120;paris 20e
473484;rosa parks;onstreettram;75119;paris 19e
473476;porte de clichy - tribunal de paris;onstreettram;75117;paris 17e
473692;porte doree;onstreettram;75112;paris 12e
44506;porte d'italie;onstreettram;75113;paris 13e
45214;montempoivre;onstreettram;75112;paris 12e
58730;baron le roy;onstreettram;75112;paris 12e
43729;les fauvelles;onstreettram;92035;la garenne-colombes
44937;theatre gerard philipe;onstreettram;93066;saint-denis
46332;mairie de villeneuve-la-garenne;onstreettram;92078;villeneuve-la-garenne
52382;la ferme;onstreettram;93008;bobigny
43390;hôtel de ville de bobigny;onstreettram;93008;bobigny
47349;gaston roulaud;onstreettram;93008;bobigny
46115;danton;onstreettram;93027;la courneuve
42142;asnieres - quatre routes;onstreettram;92004;asnieres-sur-seine
58288;les yvris noisy-le-grand;railstation;93051;noisy-le-grand
58471;villejuif paul vaillant-couturier;metrostation;94076;villejuif
58497;front populaire;metrostation;93066;saint-denis
58498;rosa parks;railstation;75119;paris 19e
58566;gare saint-lazare;railstation;75108;paris 8e
58572;magenta;railstation;75110;paris 10e
58578;montparnasse bienvenue;metrostation;75115;paris 15e
43285;georges brassens;onstreettram;75115;paris 15e
42847;didot;onstreettram;75114;paris 14e
58581;villiers montbarbin;railstation;77142;crecy-la-chapelle
58716;odeon;metrostation;75106;paris 6e
58717;rue du bac;metrostation;75107;paris 7e
58718;haussmann saint-lazare;railstation;75109;paris 9e
58725;parmentier;metrostation;75111;paris 11e
58727;filles du calvaire;metrostation;75103;paris 3e
58728;bercy;metrostation;75112;paris 12e
58757;champ de mars tour eiffel;railstation;75115;paris 15e
58759;charles de gaulle - etoile;railstation;75117;paris 17e
58767;bolivar;metrostation;75119;paris 19e
58774;massy - palaiseau;railstation;91377;massy
58792;sucy - bonneuil;railstation;94071;sucy-en-brie
58793;villepinte;railstation;93078;villepinte
58798;pont du garigliano - hôpital europeen g. pompidou;railstation;75115;paris 15e
58873;brunoy;railstation;91114;brunoy
58874;bussy-saint-georges;railstation;77058;bussy-saint-georges
58875;rueil-malmaison;railstation;92063;rueil-malmaison
58879;chelles - gournay;railstation;77108;chelles
58937;noisy - champs;railstation;93051;noisy-le-grand
58955;dordives;railstation;45127;dordives
59038;vernon - giverny;railstation;27681;vernon
59049;auneau;railstation;28317;roinville
59206;sceaux;railstation;92071;sceaux
59301;gisors;railstation;27284;gisors
59302;maintenon;railstation;28227;maintenon
59370;malesherbes;metrostation;75117;paris 17e
59379;mabillon;metrostation;75106;paris 6e
411317;beauvais;railstation;60057;beauvais
411326;precy-sur-oise;railstation;60513;precy-sur-oise
411329;saint-leu-d'esserent;railstation;60584;saint-leu-d'esserent
411332;boran-sur-oise;railstation;60086;boran-sur-oise
411338;trie-chateau;railstation;60644;trie-chateau
411342;liancourt-saint-pierre;railstation;60361;liancourt-saint-pierre
411345;chaumont-en-vexin;railstation;60143;chaumont-en-vexin
411348;lavilletertre;railstation;60356;lavilletertre
411362;bueil;railstation;27119;bueil
411365;evreux normandie;railstation;27229;evreux
411372;la ferte-milon;railstation;2307;la ferte-milon
411375;mareuil-sur-ourcq;railstation;60380;mareuil-sur-ourcq
411378;chateau-thierry;railstation;2168;chateau-thierry
411381;chezy-sur-marne;railstation;2186;chezy-sur-marne
411384;nogent-l'artaud - charly;railstation;2555;nogent-l'artaud
411387;ormoy-villers;railstation;60479;ormoy-villers
411390;nanteuil-le-haudouin;railstation;60446;nanteuil-le-haudouin
411396;crepy-en-valois;railstation;60176;crepy-en-valois
411405;le plessis-belleville;railstation;60500;le plessis-belleville
411418;la borne blanche;railstation;60482;orry-la-ville
411421;orry-la-ville - coye;railstation;60482;orry-la-ville
411428;chantilly - gouvieux;railstation;60141;chantilly
411440;creil;railstation;60175;creil
411443;chateaudun;railstation;28088;chateaudun
411446;bonneval;railstation;28051;bonneval
411449;voves;railstation;28422;les villages voveens
411452;sens;railstation;89387;sens
411455;etigny - veron;railstation;89160;etigny
411458;pont-sur-yonne;railstation;89309;pont-sur-yonne
411461;champigny-sur-yonne;railstation;89074;champigny
411464;villeneuve-la-guyard;railstation;89460;villeneuve-la-guyard
411467;joigny;railstation;89206;joigny
411473;saint-julien du sault;railstation;89348;saint-julien-du-sault
411476;villeneuve-sur-yonne;railstation;89464;villeneuve-sur-yonne
411479;laroche - migennes;railstation;89257;migennes
411482;montargis;railstation;45208;montargis
411485;malesherbes;railstation;45191;le malesherbois
411488;ferrieres - fontenay;railstation;45148;fontenay-sur-loing
411492;dreux;railstation;28134;dreux
411495;marchezais - broue;railstation;28062;broue
411498;jouy;railstation;28201;jouy
411501;saint-piat;railstation;28357;saint-piat
411504;la villette saint-prest;railstation;28358;saint-prest
411507;chartres;railstation;28085;chartres
411511;epernon;railstation;28140;epernon
412743;saint-denis;railstation;93066;saint-denis
413433;malakoff - plateau de vanves;metrostation;92046;malakoff
415091;pont de l'alma;railstation;75107;paris 7e
415093;neuilly porte maillot;railstation;75117;paris 17e
415484;egly;railstation;91207;egly
417675;les halles;metrostation;75101;paris 1er
422065;le val d'or;railstation;92064;saint-cloud
425987;rue des boulets;metrostation;75111;paris 11e
427870;rambouillet;railstation;78517;rambouillet
427872;lagny - thorigny;railstation;77464;thorigny-sur-marne
461504;saint-quentin en yvelines - montigny-le-bretonneux;railstation;78423;montigny-le-bretonneux
462351;denfert-rochereau;metrostation;75114;paris 14e
462352;gare d'austerlitz;metrostation;75105;paris 5e
462357;issy val de seine;railstation;92040;issy-les-moulineaux
462358;nation;metrostation;75111;paris 11e
462369;saint-michel;metrostation;75106;paris 6e
462371;javel - andre citroen;metrostation;75115;paris 15e
462374;saint-lazare;metrostation;75108;paris 8e
462375;havre-caumartin;metrostation;75109;paris 9e
462376;pereire;metrostation;75117;paris 17e
462388;viroflay rive gauche;railstation;78686;viroflay
462394;gare du nord;railstation;75110;paris 10e
462398;aeroport cdg 1 (terminal 3) - rer;railstation;93073;tremblay-en-france
462901;ozoir-la-ferriere;railstation;77350;ozoir-la-ferriere
462941;gare du nord;metrostation;75110;paris 10e
463329;basilique de saint-denis;metrostation;93066;saint-denis
463354;balard;metrostation;75115;paris 15e
464040;le vert de maisons;railstation;94046;maisons-alfort
470195;gare de lyon;railstation;75112;paris 12e
470519;gare de l'est;railstation;75110;paris 10e
470524;hôtel de ville;metrostation;75104;paris 4e
470540;invalides;railstation;75107;paris 7e
470546;la courneuve - 8 mai 1945;metrostation;93027;la courneuve
470548;la defense (grande arche);metrostation;92062;puteaux
470549;la defense;railstation;92062;puteaux
473109;maisons-laffitte;railstation;78358;maisons-laffitte
473111;bibliotheque francois mitterrand;metrostation;75113;paris 13e
473159;deuil - montmagny;railstation;95197;deuil-la-barre
44603;remise a jorelle;onstreettram;93010;bondy
473364;aeroport charles de gaulle 2 (terminal 2);railstation;93073;tremblay-en-france
473456;porte d'italie;metrostation;75113;paris 13e
473458;saint-denis - porte de paris;metrostation;93066;saint-denis
473459;porte de la chapelle;metrostation;75118;paris 18e
473461;porte de la villette;metrostation;75119;paris 19e
473477;porte de clichy;metrostation;75117;paris 17e
473506;louveciennes;railstation;78350;louveciennes
473676;pont de levallois - becon;metrostation;92044;levallois-perret
473843;cite universitaire;railstation;75114;paris 14e
473873;orly 4;railstation;91479;paray-vieille-poste
473874;antony;metrostation;92002;antony
473875;nation;railstation;75112;paris 12e
473890;denfert-rochereau;railstation;75114;paris 14e
474069;lozere;railstation;91477;palaiseau
474082;noisy-le-grand - mont d'est;railstation;93051;noisy-le-grand
477682;charles de gaulle - etoile;metrostation;75117;paris 17e
479035;paris-bercy bourgogne - pays d'auvergne;railstation;75112;paris 12e
479053;chateau landon;metrostation;75110;paris 10e
479055;jules joffrin;metrostation;75118;paris 18e
479056;olympiades;metrostation;75113;paris 13e
479059;rosny-sur-seine;railstation;78531;rosny-sur-seine
480287;pont cardinet;metrostation;75117;paris 17e
480289;saint-ouen;metrostation;93070;saint-ouen
483278;barbara;metrostation;92007;bagneux
483280;bagneux - lucie aubrac;metrostation;92007;bagneux
483899;mairie d'aubervilliers;metrostation;93001;aubervilliers
483901;aime cesaire;metrostation;93001;aubervilliers
426089;pierrefitte - stains;onstreettram;93059;pierrefitte-sur-seine
